review,cleaned_review
  if chat at wechat no simbol or bluetick seen so we dont know if we've been reading text or not so i hope this apps can do diffrent thing right now,chat wechat simbol bluetick seen dont know weve reading text hope apps diffrent thing right
" best cloud provider love the flexibility, feature set, and streamlined setup. use it daily.",best cloud provider love flexibility feature set streamlined setup use daily
 shite. crashes constantly! test 1st does nothing a browser should. obviously as all basic function is gone no testing was executed prior to release.      i do not use youtube or any sites that require more than a browser that loads the page without freezing & *bonus!* crashing the operating system.,shite crashes constantly test st nothing browser obviously basic function gone testing executed prior release use youtube sites require browser loads page without freezing bonus crashing operating system
 good... chrome is improving...! but there are some problems    1)we can't change the default download location.   2)app size is high.   3)can't save web pages for offline viewing.    4)can't stop loading web pages easily.,good chrome improving problems cant change default download location app size high cant save web pages offline viewing cant stop loading web pages easily
" everyone able to see  highest score i would like to given one idea ,i could not saw everyone higher score atleast 1 to 5 member,  i want to see each and everyone highest score through on my mobile , if you create this option, everyone will be try to achive the highest score ,i hope you will be create this option of temple run 2",everyone able see highest score would like given one idea could saw everyone higher score atleast member want see everyone highest score mobile create option everyone try achive highest score hope create option temple run
" notification so much update in a every week, but notification still suck. it stuck when app destroyed by system and won't appear when app started. why?",notification much update every week notification still suck stuck app destroyed system wont appear app started
  its very helpful,helpful
" emoji đ hey bro, please add more emotions. can emotions be little bit larger in resolution?  your app's assets consist more emoji but are not loading in app. there should be a way to flip to next emoji page.",emoji đ hey bro please add emotions emotions little bit larger resolution apps assets consist emoji loading app way flip next emoji page
 {•=•} new ui looks good but still laggy and unstable and wtf with ads???????,•• new ui looks good still laggy unstable wtf ads
 its not safe it has a link to gallery and file manager also.  so anone can easily get access to my private photos without any password or restriction,safe link gallery file manager also anone easily get access private photos without password restriction
